Date,Open,High,Low,Close,Adj Close,Volume,Dividends,Stock Splits
2024-10-03 00:00:00+05:30,343.0,349.8999938964844,342.6000061035156,344.1499938964844,323.2377014160156,19350466,0.0,0.0
2024-10-04 00:00:00+05:30,343.0,347.45001220703125,337.75,338.8500061035156,318.25982666015625,20121706,0.0,0.0
2024-10-07 00:00:00+05:30,340.0,340.0,325.0,328.95001220703125,308.96136474609375,13851446,0.0,0.0
2024-10-08 00:00:00+05:30,327.29998779296875,331.0,322.3500061035156,327.1499938964844,307.270751953125,21148292,0.0,0.0
2024-10-09 00:00:00+05:30,327.0,331.79998779296875,325.5,329.75,309.7127990722656,9228363,0.0,0.0
2024-10-10 00:00:00+05:30,330.20001220703125,338.1000061035156,330.1000061035156,334.3500061035156,314.03326416015625,20773976,0.0,0.0
2024-10-11 00:00:00+05:30,334.45001220703125,335.3500061035156,329.5,330.04998779296875,309.9945068359375,6098468,0.0,0.0
2024-10-14 00:00:00+05:30,330.04998779296875,331.5,327.79998779296875,330.70001220703125,310.6050109863281,5944216,0.0,0.0
2024-10-15 00:00:00+05:30,333.45001220703125,333.45001220703125,327.5,329.8500061035156,309.8066711425781,12415489,0.0,0.0
2024-10-16 00:00:00+05:30,331.70001220703125,332.6499938964844,324.95001220703125,327.20001220703125,307.3177490234375,22085298,0.0,0.0
2024-10-17 00:00:00+05:30,328.5,331.8999938964844,324.6000061035156,331.1499938964844,311.0277099609375,17039729,0.0,0.0
2024-10-18 00:00:00+05:30,331.5,333.8500061035156,328.25,332.04998779296875,311.87298583984375,10569021,0.0,0.0
2024-10-21 00:00:00+05:30,333.0,333.75,329.45001220703125,331.1499938964844,311.0277099609375,8745904,0.0,0.0
2024-10-22 00:00:00+05:30,332.8999938964844,335.6499938964844,321.04998779296875,322.75,303.13812255859375,11219831,0.0,0.0
2024-10-23 00:00:00+05:30,319.20001220703125,321.8999938964844,313.8500061035156,316.8999938964844,297.6435852050781,12541589,0.0,0.0
2024-10-24 00:00:00+05:30,315.25,320.79998779296875,315.25,319.1499938964844,299.7568664550781,8327779,0.0,0.0
2024-10-25 00:00:00+05:30,321.5,321.5,313.25,315.79998779296875,296.61041259765625,12979410,0.0,0.0
2024-10-28 00:00:00+05:30,314.5,320.45001220703125,310.75,318.29998779296875,298.95849609375,9610615,0.0,0.0
2024-10-29 00:00:00+05:30,316.1000061035156,321.20001220703125,314.1499938964844,320.54998779296875,301.0718078613281,15856332,0.0,0.0
2024-10-30 00:00:00+05:30,318.54998779296875,325.3999938964844,316.75,318.45001220703125,299.0993957519531,14498110,0.0,0.0
2024-10-31 00:00:00+05:30,320.3999938964844,322.70001220703125,317.8500061035156,320.79998779296875,301.30657958984375,9900390,0.0,0.0
2024-11-01 00:00:00+05:30,322.45001220703125,322.70001220703125,320.0,322.04998779296875,302.48065185546875,847672,0.0,0.0
2024-11-04 00:00:00+05:30,324.54998779296875,324.70001220703125,311.6000061035156,315.45001220703125,296.2817077636719,9249409,0.0,0.0
2024-11-05 00:00:00+05:30,312.3500061035156,317.70001220703125,312.0,316.6000061035156,297.3617858886719,7518195,0.0,0.0
2024-11-06 00:00:00+05:30,317.3999938964844,320.3500061035156,313.8999938964844,318.5,299.1463623046875,11019250,0.0,0.0
2024-11-07 00:00:00+05:30,319.0,319.0,311.70001220703125,312.95001220703125,293.9336242675781,14504208,0.0,0.0
2024-11-08 00:00:00+05:30,311.8500061035156,317.54998779296875,308.70001220703125,316.25,297.0331115722656,15740539,0.0,0.0
2024-11-11 00:00:00+05:30,313.54998779296875,332.3999938964844,312.79998779296875,329.79998779296875,309.75970458984375,22838987,0.0,0.0
2024-11-12 00:00:00+05:30,331.5,332.5,321.79998779296875,322.70001220703125,303.0911865234375,12069181,0.0,0.0
2024-11-13 00:00:00+05:30,322.6499938964844,324.6000061035156,317.1499938964844,318.0,298.6767272949219,12918639,0.0,0.0
2024-11-14 00:00:00+05:30,315.1000061035156,318.79998779296875,310.6000061035156,312.1000061035156,297.34295654296875,12500377,4.5,0.0
2024-11-18 00:00:00+05:30,314.0,315.54998779296875,310.1000061035156,312.04998779296875,297.2953186035156,9408101,0.0,0.0
2024-11-19 00:00:00+05:30,313.04998779296875,318.25,312.25,315.04998779296875,300.1534423828125,13157158,0.0,0.0
2024-11-21 00:00:00+05:30,316.0,326.75,313.0,325.8999938964844,310.4904479980469,25406386,0.0,0.0
2024-11-22 00:00:00+05:30,325.79998779296875,337.6000061035156,324.0,336.95001220703125,321.0179748535156,31523269,0.0,0.0
2024-11-25 00:00:00+05:30,341.8500061035156,345.3999938964844,336.1499938964844,342.75,326.5437316894531,29419152,0.0,0.0
2024-11-26 00:00:00+05:30,342.0,344.6000061035156,337.8999938964844,338.79998779296875,322.7804870605469,13997179,0.0,0.0
2024-11-27 00:00:00+05:30,337.25,341.29998779296875,336.5,339.25,323.2091979980469,12177260,0.0,0.0
2024-11-28 00:00:00+05:30,339.25,341.75,332.20001220703125,333.6499938964844,317.8739929199219,16920231,0.0,0.0
2024-11-29 00:00:00+05:30,331.3500061035156,332.5,326.5,329.3999938964844,313.8249816894531,13890537,0.0,0.0
2024-12-02 00:00:00+05:30,328.1499938964844,331.95001220703125,326.20001220703125,327.8500061035156,312.3482666015625,16003524,0.0,0.0
2024-12-03 00:00:00+05:30,324.25,331.3500061035156,324.25,329.6499938964844,314.0631103515625,23174488,0.0,0.0
2024-12-04 00:00:00+05:30,329.04998779296875,331.25,321.1000061035156,325.04998779296875,309.6806335449219,17880011,0.0,0.0
2024-12-05 00:00:00+05:30,325.0,330.45001220703125,319.54998779296875,328.3500061035156,312.8245849609375,19785053,0.0,0.0
2024-12-06 00:00:00+05:30,327.1000061035156,332.75,326.70001220703125,328.8999938964844,313.34857177734375,8802058,0.0,0.0
2024-12-09 00:00:00+05:30,327.75,330.6499938964844,326.70001220703125,329.1000061035156,313.53912353515625,9376929,0.0,0.0
2024-12-10 00:00:00+05:30,331.8500061035156,331.8500061035156,325.3500061035156,327.8999938964844,312.3959045410156,14994365,0.0,0.0
2024-12-11 00:00:00+05:30,327.25,329.0,326.8500061035156,327.54998779296875,312.0624084472656,5013051,0.0,0.0
2024-12-12 00:00:00+05:30,328.0,329.8999938964844,325.8500061035156,329.20001220703125,313.6343688964844,10414162,0.0,0.0
2024-12-13 00:00:00+05:30,330.6499938964844,334.29998779296875,325.04998779296875,333.8500061035156,318.06451416015625,14973536,0.0,0.0
2024-12-16 00:00:00+05:30,333.8500061035156,336.25,331.6000061035156,335.0,319.16015625,12695136,0.0,0.0
2024-12-17 00:00:00+05:30,332.5,335.54998779296875,328.0,329.79998779296875,314.2060241699219,17360248,0.0,0.0
2024-12-18 00:00:00+05:30,328.0,329.1000061035156,320.6499938964844,321.54998779296875,306.3460998535156,15037099,0.0,0.0
2024-12-19 00:00:00+05:30,318.0,323.8500061035156,316.8500061035156,321.6499938964844,306.4413757324219,10234715,0.0,0.0
2024-12-20 00:00:00+05:30,321.29998779296875,325.6000061035156,313.6000061035156,315.79998779296875,300.86798095703125,13973399,0.0,0.0
2024-12-23 00:00:00+05:30,318.0,318.29998779296875,311.54998779296875,315.29998779296875,300.39166259765625,5984169,0.0,0.0
2024-12-24 00:00:00+05:30,314.1000061035156,316.6499938964844,308.75,310.1000061035156,295.4375305175781,4833589,0.0,0.0
2024-12-26 00:00:00+05:30,310.1000061035156,313.1000061035156,308.75,310.29998779296875,295.6280212402344,3775101,0.0,0.0
2024-12-27 00:00:00+05:30,310.75,312.29998779296875,308.79998779296875,309.3999938964844,294.7705993652344,3981693,0.0,0.0
2024-12-30 00:00:00+05:30,309.0,312.0,306.29998779296875,307.54998779296875,293.0080871582031,12489142,0.0,0.0
2024-12-31 00:00:00+05:30,307.3500061035156,309.75,305.1499938964844,308.70001220703125,294.1037292480469,8402716,0.0,0.0
2025-01-01 00:00:00+05:30,308.70001220703125,311.3500061035156,305.8999938964844,310.3999938964844,295.7232971191406,4239498,0.0,0.0
2025-01-02 00:00:00+05:30,309.8500061035156,317.20001220703125,308.75,315.1499938964844,300.2487487792969,10766571,0.0,0.0
2025-01-03 00:00:00+05:30,316.3500061035156,318.0,313.6499938964844,316.04998779296875,301.1061706542969,7636948,0.0,0.0
2025-01-06 00:00:00+05:30,315.79998779296875,316.5,304.79998779296875,306.0,291.5313720703125,6722495,0.0,0.0
2025-01-07 00:00:00+05:30,306.0,310.70001220703125,303.0,305.04998779296875,290.6263122558594,10137739,0.0,0.0
2025-01-08 00:00:00+05:30,306.1499938964844,307.8500061035156,303.0,306.6499938964844,292.150634765625,6907996,0.0,0.0
2025-01-09 00:00:00+05:30,306.6499938964844,306.8999938964844,303.6499938964844,305.25,290.81683349609375,8244909,0.0,0.0
2025-01-10 00:00:00+05:30,304.04998779296875,305.25,298.5,299.70001220703125,285.5292663574219,6540783,0.0,0.0
2025-01-13 00:00:00+05:30,295.0,298.54998779296875,286.75,287.6000061035156,274.00140380859375,19474228,0.0,0.0
2025-01-14 00:00:00+05:30,287.75,293.04998779296875,286.79998779296875,290.25,276.5260925292969,15954608,0.0,0.0
2025-01-15 00:00:00+05:30,295.0,302.5,291.1000061035156,298.6499938964844,284.52886962890625,12198882,0.0,0.0
2025-01-16 00:00:00+05:30,299.0,301.6000061035156,296.6000061035156,297.6499938964844,283.576171875,11694289,0.0,0.0
2025-01-17 00:00:00+05:30,297.6499938964844,305.0,295.70001220703125,302.6000061035156,288.29217529296875,7593230,0.0,0.0
2025-01-20 00:00:00+05:30,302.6000061035156,308.79998779296875,301.95001220703125,306.25,291.76953125,9435937,0.0,0.0
2025-01-21 00:00:00+05:30,307.0,309.95001220703125,301.5,302.3500061035156,288.053955078125,13911546,0.0,0.0
2025-01-22 00:00:00+05:30,302.0,302.29998779296875,295.79998779296875,297.54998779296875,283.48089599609375,9723333,0.0,0.0
2025-01-23 00:00:00+05:30,297.5,299.6000061035156,293.6000061035156,294.3500061035156,280.4322204589844,12228286,0.0,0.0
2025-01-24 00:00:00+05:30,295.29998779296875,302.5,294.3500061035156,295.8500061035156,281.8612976074219,11142914,0.0,0.0
2025-01-27 00:00:00+05:30,295.0,295.0,283.75,287.0,273.42974853515625,13477947,0.0,0.0
2025-01-28 00:00:00+05:30,287.1499938964844,288.79998779296875,279.3500061035156,283.95001220703125,270.5239562988281,11298068,0.0,0.0
2025-01-29 00:00:00+05:30,285.3500061035156,289.1499938964844,283.29998779296875,287.8500061035156,274.2395324707031,4800024,0.0,0.0
2025-01-30 00:00:00+05:30,287.8500061035156,297.1000061035156,287.8500061035156,295.3500061035156,281.38494873046875,10969499,0.0,0.0
2025-01-31 00:00:00+05:30,297.0,303.45001220703125,295.8999938964844,301.6499938964844,287.3870544433594,14141459,0.0,0.0
2025-02-01 00:00:00+05:30,301.6499938964844,305.3500061035156,288.6499938964844,289.8500061035156,276.1449890136719,6945157,0.0,0.0
2025-02-03 00:00:00+05:30,290.0,292.0,278.0,283.79998779296875,270.3810119628906,14978897,0.0,0.0
2025-02-04 00:00:00+05:30,281.0,286.3999938964844,272.1000061035156,285.6499938964844,272.1435546875,19836427,0.0,0.0
2025-02-05 00:00:00+05:30,285.6000061035156,290.75,284.54998779296875,285.20001220703125,271.7148742675781,15337191,0.0,0.0
2025-02-06 00:00:00+05:30,287.5,290.95001220703125,279.75,281.1499938964844,267.8563537597656,21418561,0.0,0.0
2025-02-07 00:00:00+05:30,273.1000061035156,281.8999938964844,270.0,278.1499938964844,268.0972900390625,17193482,3.25,0.0
2025-02-10 00:00:00+05:30,275.0,276.0,268.1000061035156,268.70001220703125,258.9888610839844,16709670,0.0,0.0
2025-02-11 00:00:00+05:30,268.70001220703125,268.79998779296875,260.0,261.45001220703125,252.0009002685547,22083955,0.0,0.0
2025-02-12 00:00:00+05:30,259.5,262.1000061035156,254.0,257.04998779296875,247.7598876953125,17861265,0.0,0.0
2025-02-13 00:00:00+05:30,257.25,261.3500061035156,256.1000061035156,259.1499938964844,249.78399658203125,12257226,0.0,0.0
2025-02-14 00:00:00+05:30,260.3999938964844,261.5,254.75,257.3500061035156,248.04908752441406,11339563,0.0,0.0
2025-02-17 00:00:00+05:30,256.8999938964844,264.0,252.1999969482422,263.20001220703125,253.6876220703125,8332653,0.0,0.0
2025-02-18 00:00:00+05:30,263.8500061035156,267.8999938964844,260.20001220703125,266.95001220703125,257.3021240234375,10483635,0.0,0.0
2025-02-19 00:00:00+05:30,262.5,268.5,262.29998779296875,263.04998779296875,253.5430450439453,14602009,0.0,0.0
2025-02-20 00:00:00+05:30,262.75,266.45001220703125,261.29998779296875,265.75,256.1455078125,15312926,0.0,0.0
2025-02-21 00:00:00+05:30,265.29998779296875,265.75,259.3999938964844,261.8999938964844,252.43463134765625,10757038,0.0,0.0
2025-02-24 00:00:00+05:30,258.0,261.79998779296875,257.25,259.1499938964844,249.78399658203125,14599185,0.0,0.0
2025-02-25 00:00:00+05:30,258.79998779296875,259.95001220703125,254.89999389648438,255.75,246.50689697265625,21287363,0.0,0.0
2025-02-27 00:00:00+05:30,254.0,257.45001220703125,253.4499969482422,256.25,246.9888153076172,13614799,0.0,0.0
2025-02-28 00:00:00+05:30,255.89999389648438,257.0,247.3000030517578,250.85000610351562,241.7839813232422,38512868,0.0,0.0
2025-03-03 00:00:00+05:30,253.0,253.8000030517578,248.5,252.5,243.37432861328125,9873539,0.0,0.0
2025-03-04 00:00:00+05:30,250.0,257.1499938964844,249.4499969482422,254.0,244.82012939453125,11947033,0.0,0.0
2025-03-05 00:00:00+05:30,256.95001220703125,267.20001220703125,255.75,264.3999938964844,254.84425354003906,14536637,0.0,0.0
2025-03-06 00:00:00+05:30,265.1499938964844,267.29998779296875,260.70001220703125,266.6499938964844,257.0129699707031,11926868,0.0,0.0
2025-03-07 00:00:00+05:30,266.0,268.6499938964844,261.6000061035156,263.29998779296875,253.7839813232422,10043068,0.0,0.0
2025-03-10 00:00:00+05:30,261.04998779296875,274.25,261.04998779296875,271.29998779296875,261.4949035644531,30233763,0.0,0.0
2025-03-11 00:00:00+05:30,270.0,271.8500061035156,265.8500061035156,267.29998779296875,257.6394348144531,9255499,0.0,0.0
2025-03-12 00:00:00+05:30,270.70001220703125,272.3999938964844,263.6000061035156,267.1000061035156,257.4466857910156,11875548,0.0,0.0
2025-03-13 00:00:00+05:30,269.79998779296875,270.6499938964844,265.5,267.6499938964844,257.976806640625,9270442,0.0,0.0
2025-03-17 00:00:00+05:30,270.0,270.6499938964844,264.95001220703125,267.3500061035156,257.68768310546875,11987667,0.0,0.0
2025-03-18 00:00:00+05:30,267.3500061035156,267.3500061035156,267.3500061035156,267.3500061035156,257.68768310546875,0,0.0,0.0
2025-03-19 00:00:00+05:30,272.0,278.29998779296875,269.79998779296875,277.20001220703125,267.181640625,13089950,0.0,0.0
2025-03-20 00:00:00+05:30,283.5,283.54998779296875,277.04998779296875,280.3500061035156,270.2178039550781,13710249,0.0,0.0
2025-03-21 00:00:00+05:30,281.0,285.1499938964844,280.04998779296875,283.1000061035156,272.868408203125,26003527,0.0,0.0
2025-03-24 00:00:00+05:30,285.0,293.95001220703125,284.45001220703125,291.8500061035156,281.3022155761719,19966817,0.0,0.0
2025-03-25 00:00:00+05:30,291.0,295.25,287.6499938964844,291.0,280.48291015625,16983852,0.0,0.0
2025-03-26 00:00:00+05:30,291.70001220703125,296.75,289.54998779296875,290.8500061035156,280.33831787109375,20367015,0.0,0.0
2025-03-27 00:00:00+05:30,289.0,297.25,289.0,295.5,284.8202819824219,37203166,0.0,0.0
2025-03-28 00:00:00+05:30,293.8999938964844,294.25,288.29998779296875,290.3500061035156,279.8564147949219,10834900,0.0,0.0
2025-04-01 00:00:00+05:30,289.6000061035156,296.95001220703125,287.0,289.29998779296875,278.8443298339844,11603556,0.0,0.0
2025-04-02 00:00:00+05:30,286.8500061035156,289.75,284.5,286.75,276.3865051269531,11679536,0.0,0.0
2025-04-03 00:00:00+05:30,289.3500061035156,299.95001220703125,285.1000061035156,299.1000061035156,288.2901611328125,23478876,0.0,0.0
2025-04-04 00:00:00+05:30,300.0,300.8999938964844,292.1000061035156,293.8999938964844,283.278076171875,21020875,0.0,0.0
2025-04-07 00:00:00+05:30,283.6000061035156,293.8999938964844,282.29998779296875,289.3999938964844,278.94073486328125,22847548,0.0,0.0
2025-04-08 00:00:00+05:30,291.95001220703125,294.0,284.6499938964844,288.95001220703125,278.50701904296875,20831596,0.0,0.0
2025-04-09 00:00:00+05:30,289.95001220703125,299.5,289.29998779296875,293.3999938964844,282.7961730957031,21342531,0.0,0.0
2025-04-11 00:00:00+05:30,293.25,305.0,293.25,304.1000061035156,293.1094665527344,19831004,0.0,0.0
2025-04-15 00:00:00+05:30,307.20001220703125,310.45001220703125,303.70001220703125,304.54998779296875,293.5431823730469,16563441,0.0,0.0
2025-04-16 00:00:00+05:30,304.45001220703125,307.0,302.79998779296875,305.75,294.6998291015625,7032401,0.0,0.0
2025-04-17 00:00:00+05:30,305.45001220703125,309.79998779296875,302.0,309.0,297.8323669433594,8528993,0.0,0.0
2025-04-21 00:00:00+05:30,310.0,322.0,308.45001220703125,320.0,308.434814453125,13369014,0.0,0.0
2025-04-22 00:00:00+05:30,319.75,319.75,312.1000061035156,312.54998779296875,301.2540283203125,10027268,0.0,0.0
2025-04-23 00:00:00+05:30,314.1499938964844,316.1000061035156,309.45001220703125,314.95001220703125,303.56732177734375,8225575,0.0,0.0
2025-04-24 00:00:00+05:30,314.8999938964844,315.8500061035156,312.8500061035156,314.3999938964844,303.03717041015625,8021180,0.0,0.0
2025-04-25 00:00:00+05:30,313.0,315.3999938964844,303.3999938964844,306.5,295.4226989746094,11475773,0.0,0.0
2025-04-28 00:00:00+05:30,304.20001220703125,310.95001220703125,303.54998779296875,308.54998779296875,297.3986511230469,7314824,0.0,0.0
2025-04-29 00:00:00+05:30,308.54998779296875,310.79998779296875,301.20001220703125,302.95001220703125,292.00103759765625,14678005,0.0,0.0
2025-04-30 00:00:00+05:30,304.45001220703125,310.0,301.8999938964844,307.45001220703125,296.3384094238281,17619987,0.0,0.0
2025-05-02 00:00:00+05:30,305.5,309.0,302.29998779296875,303.04998779296875,292.097412109375,5688285,0.0,0.0
2025-05-05 00:00:00+05:30,304.79998779296875,310.70001220703125,304.6499938964844,308.20001220703125,297.0613098144531,4342960,0.0,0.0
2025-05-06 00:00:00+05:30,307.6000061035156,310.45001220703125,305.54998779296875,307.6000061035156,296.48297119140625,9124804,0.0,0.0
2025-05-07 00:00:00+05:30,308.0,313.1499938964844,307.0,311.1000061035156,299.8564453125,14679327,0.0,0.0
2025-05-08 00:00:00+05:30,313.3999938964844,317.3999938964844,304.0,308.25,297.1094665527344,19253478,0.0,0.0
2025-05-09 00:00:00+05:30,300.0,303.04998779296875,296.3999938964844,299.29998779296875,288.4829406738281,11981497,0.0,0.0
2025-05-12 00:00:00+05:30,304.04998779296875,311.1000061035156,304.04998779296875,309.04998779296875,297.8805236816406,7145884,0.0,0.0
2025-05-13 00:00:00+05:30,305.0,308.75,298.0,298.45001220703125,287.6636962890625,17988336,0.0,0.0
2025-05-14 00:00:00+05:30,299.20001220703125,300.54998779296875,294.04998779296875,295.95001220703125,285.2539978027344,10359258,0.0,0.0
2025-05-15 00:00:00+05:30,295.8999938964844,300.3999938964844,291.04998779296875,299.6499938964844,288.8202819824219,22640626,0.0,0.0
2025-05-16 00:00:00+05:30,300.0,302.20001220703125,295.5,300.20001220703125,289.3504333496094,16763668,0.0,0.0
2025-05-19 00:00:00+05:30,302.0,304.5,299.0,304.04998779296875,293.061279296875,12575289,0.0,0.0
2025-05-20 00:00:00+05:30,304.3999938964844,305.29998779296875,297.1000061035156,297.8999938964844,287.133544921875,21339095,0.0,0.0
2025-05-21 00:00:00+05:30,297.75,302.25,295.6499938964844,296.1499938964844,285.44677734375,11997632,0.0,0.0
2025-05-22 00:00:00+05:30,295.8999938964844,296.3500061035156,286.54998779296875,290.8999938964844,280.38653564453125,26158839,0.0,0.0
2025-05-23 00:00:00+05:30,292.0,298.75,291.75,298.1000061035156,287.3263244628906,9872024,0.0,0.0
2025-05-26 00:00:00+05:30,300.04998779296875,303.79998779296875,295.75,296.70001220703125,285.9768981933594,16469130,0.0,0.0
2025-05-27 00:00:00+05:30,297.0,297.6000061035156,292.20001220703125,294.54998779296875,283.9046325683594,17074710,0.0,0.0
2025-05-28 00:00:00+05:30,294.54998779296875,295.6499938964844,290.5,291.1499938964844,280.6274719238281,10099453,0.0,0.0
2025-05-29 00:00:00+05:30,291.3500061035156,293.8999938964844,291.3500061035156,293.1000061035156,282.5070495605469,9773818,0.0,0.0
2025-05-30 00:00:00+05:30,292.0,294.6499938964844,288.25,289.75,279.278076171875,21788566,0.0,0.0
2025-06-02 00:00:00+05:30,290.29998779296875,293.6499938964844,288.3999938964844,293.04998779296875,282.45880126953125,7255782,0.0,0.0
2025-06-03 00:00:00+05:30,292.5,295.3999938964844,287.75,288.25,277.832275390625,10989055,0.0,0.0
2025-06-04 00:00:00+05:30,288.25,289.79998779296875,287.04998779296875,288.54998779296875,278.1214599609375,8580196,0.0,0.0
2025-06-05 00:00:00+05:30,291.0,295.25,290.1000061035156,294.25,283.6154479980469,13110486,0.0,0.0
2025-06-06 00:00:00+05:30,293.54998779296875,297.0,292.95001220703125,295.79998779296875,285.1094055175781,7935393,0.0,0.0
2025-06-09 00:00:00+05:30,298.0,301.1499938964844,296.1499938964844,300.5,289.6395568847656,8666186,0.0,0.0
2025-06-10 00:00:00+05:30,300.54998779296875,301.79998779296875,298.25,301.04998779296875,290.169677734375,7273892,0.0,0.0
2025-06-11 00:00:00+05:30,301.1000061035156,301.3999938964844,294.0,295.45001220703125,284.7720947265625,10941604,0.0,0.0
2025-06-12 00:00:00+05:30,295.1499938964844,295.79998779296875,288.5,289.0,278.5552062988281,14071159,0.0,0.0
2025-06-13 00:00:00+05:30,282.54998779296875,286.45001220703125,281.79998779296875,285.5,275.1816711425781,16028417,0.0,0.0
2025-06-16 00:00:00+05:30,287.95001220703125,290.5,286.29998779296875,288.6499938964844,278.21783447265625,11067299,0.0,0.0
2025-06-17 00:00:00+05:30,288.6499938964844,290.45001220703125,287.20001220703125,288.54998779296875,278.1214599609375,7286868,0.0,0.0
2025-06-18 00:00:00+05:30,287.5,288.29998779296875,285.5,287.29998779296875,276.9166259765625,11904855,0.0,0.0
2025-06-19 00:00:00+05:30,286.79998779296875,287.6499938964844,285.29998779296875,286.45001220703125,276.09735107421875,13573824,0.0,0.0
2025-06-20 00:00:00+05:30,285.54998779296875,294.5,285.04998779296875,293.1000061035156,282.5070495605469,33014151,0.0,0.0
2025-06-23 00:00:00+05:30,291.3999938964844,293.45001220703125,288.1000061035156,290.25,279.760009765625,6833477,0.0,0.0
2025-06-24 00:00:00+05:30,293.45001220703125,294.70001220703125,285.3500061035156,285.95001220703125,275.6154479980469,15007849,0.0,0.0
2025-06-25 00:00:00+05:30,286.5,291.1000061035156,286.5,290.45001220703125,279.9527893066406,10838516,0.0,0.0
2025-06-26 00:00:00+05:30,290.79998779296875,294.25,289.75,293.5,282.892578125,10232220,0.0,0.0
2025-06-27 00:00:00+05:30,295.0,300.70001220703125,294.1499938964844,299.25,288.43475341796875,15523628,0.0,0.0
2025-06-30 00:00:00+05:30,300.3999938964844,301.0,296.25,299.8999938964844,289.0612487792969,8415241,0.0,0.0
2025-07-01 00:00:00+05:30,301.0,301.5,297.0,297.54998779296875,286.7961730957031,12349270,0.0,0.0
2025-07-02 00:00:00+05:30,297.54998779296875,298.75,293.3999938964844,294.8500061035156,284.1937561035156,10826029,0.0,0.0
2025-07-03 00:00:00+05:30,298.3999938964844,298.95001220703125,293.1000061035156,293.70001220703125,283.0853576660156,10373094,0.0,0.0
2025-07-04 00:00:00+05:30,293.70001220703125,295.1499938964844,291.6499938964844,294.0,283.37451171875,14193884,0.0,0.0
2025-07-07 00:00:00+05:30,294.70001220703125,296.6499938964844,293.5,295.8999938964844,285.205810546875,6220756,0.0,0.0
2025-07-08 00:00:00+05:30,294.1499938964844,298.3999938964844,293.04998779296875,297.75,286.98895263671875,6254288,0.0,0.0
2025-07-09 00:00:00+05:30,298.25,300.0,296.3999938964844,299.6499938964844,288.8202819824219,5650646,0.0,0.0
2025-07-10 00:00:00+05:30,300.0,302.70001220703125,298.0,299.25,288.43475341796875,9307817,0.0,0.0
2025-07-11 00:00:00+05:30,299.25,300.8999938964844,296.95001220703125,298.54998779296875,287.760009765625,7073217,0.0,0.0
2025-07-14 00:00:00+05:30,299.5,300.45001220703125,297.45001220703125,298.20001220703125,287.4226989746094,5484223,0.0,0.0
2025-07-15 00:00:00+05:30,298.1000061035156,300.0,296.8500061035156,298.04998779296875,287.27813720703125,6173407,0.0,0.0
2025-07-16 00:00:00+05:30,298.95001220703125,298.95001220703125,295.70001220703125,297.04998779296875,286.3142395019531,8144630,0.0,0.0
2025-07-17 00:00:00+05:30,297.54998779296875,298.20001220703125,295.79998779296875,296.6000061035156,285.88055419921875,8318287,0.0,0.0
2025-07-18 00:00:00+05:30,296.5,301.5,293.5,294.1499938964844,283.51904296875,8702106,0.0,0.0
2025-07-21 00:00:00+05:30,294.0,297.25,292.25,297.0,286.26605224609375,5298012,0.0,0.0
2025-07-22 00:00:00+05:30,297.1000061035156,298.8500061035156,294.54998779296875,297.79998779296875,287.0371398925781,7775653,0.0,0.0
2025-07-23 00:00:00+05:30,298.8500061035156,299.6499938964844,297.1000061035156,299.25,288.43475341796875,5310964,0.0,0.0
2025-07-24 00:00:00+05:30,299.8500061035156,301.3500061035156,296.5,299.3500061035156,288.5311584472656,6294709,0.0,0.0
2025-07-25 00:00:00+05:30,297.1499938964844,297.75,290.8999938964844,292.1000061035156,281.5431213378906,8202572,0.0,0.0
2025-07-28 00:00:00+05:30,292.0,295.25,290.75,291.8999938964844,281.3503723144531,7037396,0.0,0.0
2025-07-29 00:00:00+05:30,290.5,293.8999938964844,289.79998779296875,293.1000061035156,282.5070495605469,6586034,0.0,0.0
2025-07-30 00:00:00+05:30,293.0,296.5,286.6000061035156,288.95001220703125,278.50701904296875,10515572,0.0,0.0
2025-07-31 00:00:00+05:30,284.95001220703125,294.29998779296875,284.95001220703125,291.0,280.48291015625,14283621,0.0,0.0
2025-08-01 00:00:00+05:30,291.6499938964844,292.79998779296875,286.29998779296875,291.25,280.723876953125,6697683,0.0,0.0
2025-08-04 00:00:00+05:30,291.20001220703125,291.54998779296875,285.70001220703125,287.95001220703125,277.54315185546875,10397121,0.0,0.0
2025-08-05 00:00:00+05:30,287.1000061035156,288.6499938964844,285.1000061035156,286.0,275.6636047363281,15561914,0.0,0.0
2025-08-06 00:00:00+05:30,287.6000061035156,288.3999938964844,284.04998779296875,284.79998779296875,274.5069885253906,12985269,0.0,0.0
2025-08-07 00:00:00+05:30,284.5,286.29998779296875,283.3999938964844,285.54998779296875,275.2298583984375,8893659,0.0,0.0
2025-08-08 00:00:00+05:30,284.79998779296875,286.25,283.6000061035156,284.8500061035156,274.5552062988281,6172968,0.0,0.0
2025-08-11 00:00:00+05:30,284.8500061035156,286.3999938964844,283.29998779296875,284.8500061035156,274.5552062988281,8755499,0.0,0.0
2025-08-12 00:00:00+05:30,284.3999938964844,287.54998779296875,284.0,284.6499938964844,274.3623962402344,13184438,0.0,0.0
2025-08-13 00:00:00+05:30,287.0,289.3999938964844,286.04998779296875,288.20001220703125,277.78411865234375,9928283,0.0,0.0
2025-08-14 00:00:00+05:30,289.04998779296875,290.1499938964844,287.1499938964844,288.70001220703125,278.2660827636719,8464495,0.0,0.0
2025-08-18 00:00:00+05:30,289.5,291.29998779296875,288.5,290.3500061035156,279.8564147949219,9836105,0.0,0.0
2025-08-19 00:00:00+05:30,290.0,290.1000061035156,286.54998779296875,288.0,278.7915344238281,7196772,1.25,0.0
2025-08-20 00:00:00+05:30,288.20001220703125,289.0,286.95001220703125,288.3999938964844,279.17877197265625,3106073,0.0,0.0
2025-08-21 00:00:00+05:30,288.3999938964844,289.54998779296875,283.6000061035156,284.0,274.9194641113281,7389271,0.0,0.0
2025-08-22 00:00:00+05:30,284.0,284.54998779296875,281.79998779296875,283.3500061035156,274.2902526855469,6824793,0.0,0.0
2025-08-25 00:00:00+05:30,283.3500061035156,284.6000061035156,282.20001220703125,284.1499938964844,275.06463623046875,7426789,0.0,0.0
2025-08-26 00:00:00+05:30,283.0,283.79998779296875,278.8999938964844,279.8999938964844,270.9505310058594,22905910,0.0,0.0
2025-08-28 00:00:00+05:30,282.0,282.0,273.6000061035156,274.45001220703125,265.6748352050781,12455072,0.0,0.0
2025-08-29 00:00:00+05:30,273.6000061035156,276.1000061035156,272.25,275.25,266.44921875,12841075,0.0,0.0
2025-09-01 00:00:00+05:30,276.0,280.6000061035156,276.0,279.8500061035156,270.9021911621094,10820878,0.0,0.0
2025-09-02 00:00:00+05:30,280.20001220703125,287.8999938964844,279.8500061035156,286.70001220703125,277.53314208984375,16983677,0.0,0.0
2025-09-03 00:00:00+05:30,289.0,289.20001220703125,285.6000061035156,286.04998779296875,276.9039001464844,30178885,0.0,0.0
2025-09-04 00:00:00+05:30,286.8500061035156,287.95001220703125,280.8999938964844,281.79998779296875,272.7897644042969,5946090,0.0,0.0
2025-09-05 00:00:00+05:30,282.3500061035156,286.6499938964844,282.3500061035156,285.3500061035156,276.226318359375,9695914,0.0,0.0
2025-09-08 00:00:00+05:30,286.3999938964844,287.70001220703125,282.1000061035156,282.79998779296875,273.7578125,5186605,0.0,0.0
2025-09-09 00:00:00+05:30,283.04998779296875,284.3500061035156,281.70001220703125,283.8500061035156,274.7742614746094,7093190,0.0,0.0
2025-09-10 00:00:00+05:30,284.70001220703125,286.45001220703125,282.5,282.95001220703125,273.9030456542969,7767863,0.0,0.0
2025-09-11 00:00:00+05:30,282.54998779296875,288.70001220703125,282.54998779296875,286.79998779296875,277.62994384765625,7406625,0.0,0.0
2025-09-12 00:00:00+05:30,287.25,288.6000061035156,285.1000061035156,287.6499938964844,278.4527587890625,7618852,0.0,0.0
2025-09-15 00:00:00+05:30,288.29998779296875,288.79998779296875,285.75,286.25,277.0975341796875,5420800,0.0,0.0
2025-09-16 00:00:00+05:30,286.54998779296875,289.70001220703125,286.3500061035156,288.3500061035156,279.1304016113281,8626429,0.0,0.0
2025-09-17 00:00:00+05:30,289.0,289.20001220703125,285.95001220703125,287.1499938964844,277.9687194824219,19010126,0.0,0.0
2025-09-18 00:00:00+05:30,287.0,289.8500061035156,286.1000061035156,289.1000061035156,279.8564147949219,16842964,0.0,0.0
2025-09-19 00:00:00+05:30,290.0,290.20001220703125,284.8999938964844,286.20001220703125,277.0491027832031,14993879,0.0,0.0
2025-09-22 00:00:00+05:30,287.0,289.0,285.8999938964844,286.6499938964844,277.4847106933594,9456933,0.0,0.0
2025-09-23 00:00:00+05:30,288.6499938964844,289.0,285.3999938964844,288.6000061035156,279.3724060058594,13619147,0.0,0.0
2025-09-24 00:00:00+05:30,287.8999938964844,294.54998779296875,286.95001220703125,293.29998779296875,283.9220886230469,14032389,0.0,0.0
2025-09-25 00:00:00+05:30,294.0,294.8500061035156,283.6000061035156,284.3999938964844,275.3066711425781,16242837,0.0,0.0
2025-09-26 00:00:00+05:30,283.5,284.1499938964844,280.1000061035156,282.25,273.22540283203125,8959035,0.0,0.0
2025-09-29 00:00:00+05:30,283.8999938964844,286.1000061035156,279.95001220703125,280.6000061035156,271.6282043457031,14600560,0.0,0.0
2025-09-30 00:00:00+05:30,282.0,286.0,279.0,280.25,271.28936767578125,18772881,0.0,0.0
2025-10-01 00:00:00+05:30,281.0,282.8500061035156,279.8999938964844,280.6499938964844,271.67657470703125,11812449,0.0,0.0
2025-10-03 00:00:00+05:30,283.3500061035156,290.0,281.04998779296875,289.70001220703125,280.4372253417969,19597461,0.0,0.0
2025-10-06 00:00:00+05:30,288.3500061035156,288.6499938964844,284.54998779296875,286.8999938964844,277.72674560546875,11702722,0.0,0.0
2025-10-07 00:00:00+05:30,288.95001220703125,292.3500061035156,287.1000061035156,289.0,279.75958251953125,11371062,0.0,0.0
2025-10-08 00:00:00+05:30,290.3500061035156,290.3500061035156,284.6499938964844,285.29998779296875,276.1778869628906,9989251,0.0,0.0
2025-10-09 00:00:00+05:30,285.0,286.95001220703125,282.25,286.1499938964844,277.0007019042969,10714949,0.0,0.0
2025-10-10 00:00:00+05:30,285.25,291.25,285.25,289.1499938964844,279.90478515625,10773268,0.0,0.0
2025-10-13 00:00:00+05:30,287.75,288.20001220703125,284.8999938964844,286.1499938964844,277.0007019042969,8950161,0.0,0.0
2025-10-14 00:00:00+05:30,286.5,287.8999938964844,285.3999938964844,287.5,278.3075256347656,7667654,0.0,0.0
2025-10-15 00:00:00+05:30,287.1499938964844,293.25,287.04998779296875,290.95001220703125,281.6472473144531,8125514,0.0,0.0
2025-10-16 00:00:00+05:30,292.3999938964844,293.25,290.6000061035156,291.8500061035156,282.5184631347656,7824732,0.0,0.0
2025-10-17 00:00:00+05:30,291.0,291.5,288.0,289.75,280.4856262207031,14275188,0.0,0.0
2025-10-20 00:00:00+05:30,290.1499938964844,292.1000061035156,287.1000061035156,288.20001220703125,278.98516845703125,13536721,0.0,0.0
2025-10-21 00:00:00+05:30,288.29998779296875,289.6000061035156,288.20001220703125,288.6000061035156,279.3724060058594,398291,0.0,0.0
2025-10-23 00:00:00+05:30,288.95001220703125,291.1499938964844,288.0,289.6499938964844,280.3888244628906,21031287,0.0,0.0
2025-10-24 00:00:00+05:30,289.6499938964844,290.75,286.54998779296875,288.5,279.27557373046875,16350189,0.0,0.0
2025-10-27 00:00:00+05:30,289.0,292.79998779296875,288.20001220703125,291.04998779296875,281.7440185546875,13396182,0.0,0.0
2025-10-28 00:00:00+05:30,290.54998779296875,292.6000061035156,286.79998779296875,288.25,279.0335693359375,13543174,0.0,0.0
2025-10-29 00:00:00+05:30,289.0,296.6499938964844,288.75,295.3500061035156,285.9065856933594,14608714,0.0,0.0
2025-10-30 00:00:00+05:30,296.29998779296875,296.45001220703125,290.95001220703125,291.5,282.1796569824219,10329750,0.0,0.0
2025-10-31 00:00:00+05:30,292.0,292.0,287.0,288.1499938964844,278.936767578125,10088802,0.0,0.0
2025-11-03 00:00:00+05:30,289.0,290.1499938964844,287.1499938964844,288.0,278.7915344238281,8578207,0.0,0.0
2025-11-04 00:00:00+05:30,284.5,284.95001220703125,278.1000061035156,279.04998779296875,270.1277160644531,26098629,0.0,0.0
2025-11-06 00:00:00+05:30,278.0,278.5,269.8500061035156,270.20001220703125,261.5606994628906,21919591,0.0,0.0
2025-11-07 00:00:00+05:30,270.20001220703125,272.79998779296875,268.75,272.0,263.3031311035156,11379131,0.0,0.0
2025-11-10 00:00:00+05:30,268.6000061035156,270.54998779296875,266.54998779296875,268.20001220703125,263.9921875,10717941,4.5,0.0
2025-11-11 00:00:00+05:30,268.25,269.1499938964844,264.6499938964844,267.6499938964844,263.4508056640625,11154806,0.0,0.0
2025-11-12 00:00:00+05:30,269.0,270.25,266.5,267.1000061035156,262.909423828125,16444701,0.0,0.0
2025-11-13 00:00:00+05:30,267.1000061035156,270.45001220703125,265.6499938964844,269.8500061035156,265.61627197265625,12573141,0.0,0.0
2025-11-14 00:00:00+05:30,270.3500061035156,272.29998779296875,269.5,271.29998779296875,267.04351806640625,10308317,0.0,0.0
2025-11-17 00:00:00+05:30,272.1000061035156,273.95001220703125,270.0,273.54998779296875,269.2582092285156,9884392,0.0,0.0
2025-11-18 00:00:00+05:30,274.0,276.79998779296875,272.29998779296875,274.20001220703125,269.8980407714844,16434280,0.0,0.0
2025-11-19 00:00:00+05:30,275.95001220703125,276.0,272.5,275.1499938964844,270.8330993652344,15765235,0.0,0.0
2025-11-20 00:00:00+05:30,275.25,279.04998779296875,274.5,277.20001220703125,272.8509826660156,15337345,0.0,0.0
2025-11-21 00:00:00+05:30,277.20001220703125,279.0,275.3999938964844,277.6000061035156,273.24468994140625,12941485,0.0,0.0
2025-11-24 00:00:00+05:30,278.0,279.04998779296875,272.5,275.79998779296875,271.4729309082031,49791096,0.0,0.0
2025-11-25 00:00:00+05:30,275.0,276.8999938964844,272.6499938964844,273.45001220703125,269.1598205566406,12114606,0.0,0.0
2025-11-26 00:00:00+05:30,274.0,276.95001220703125,273.5,275.04998779296875,270.73468017578125,8352869,0.0,0.0
2025-11-27 00:00:00+05:30,277.0,277.0,273.29998779296875,273.70001220703125,269.4058837890625,9865039,0.0,0.0
2025-11-28 00:00:00+05:30,273.79998779296875,274.3500061035156,269.45001220703125,269.95001220703125,265.7147216796875,12580231,0.0,0.0
2025-12-01 00:00:00+05:30,272.45001220703125,272.45001220703125,268.75,269.6499938964844,265.4194030761719,10428760,0.0,0.0
2025-12-02 00:00:00+05:30,269.0,270.6499938964844,266.8999938964844,267.45001220703125,263.2539367675781,11029817,0.0,0.0
2025-12-03 00:00:00+05:30,267.45001220703125,269.0,264.5,268.45001220703125,264.2382507324219,9063557,0.0,0.0
2025-12-04 00:00:00+05:30,266.54998779296875,270.20001220703125,265.6000061035156,269.1000061035156,264.8780517578125,5103204,0.0,0.0
2025-12-05 00:00:00+05:30,268.20001220703125,271.5,267.79998779296875,269.79998779296875,265.5670471191406,5535798,0.0,0.0
2025-12-08 00:00:00+05:30,268.79998779296875,269.3999938964844,264.75,265.20001220703125,261.03924560546875,10203843,0.0,0.0
2025-12-09 00:00:00+05:30,264.1000061035156,265.75,262.8999938964844,264.54998779296875,260.3994140625,10686557,0.0,0.0
2025-12-10 00:00:00+05:30,264.8999938964844,267.25,264.29998779296875,265.5,261.3345031738281,7157092,0.0,0.0
2025-12-11 00:00:00+05:30,264.25,266.3500061035156,262.5,264.79998779296875,260.6455078125,8336183,0.0,0.0
2025-12-12 00:00:00+05:30,265.0,266.75,263.29998779296875,263.6000061035156,259.4643249511719,5522827,0.0,0.0
2025-12-15 00:00:00+05:30,263.6000061035156,263.8500061035156,260.5,262.20001220703125,258.0863037109375,6400400,0.0,0.0
2025-12-16 00:00:00+05:30,262.1499938964844,263.3500061035156,259.70001220703125,260.3500061035156,256.26531982421875,9241981,0.0,0.0
2025-12-17 00:00:00+05:30,260.3500061035156,262.75,259.29998779296875,261.1000061035156,257.0035400390625,10944698,0.0,0.0
2025-12-18 00:00:00+05:30,260.75,261.70001220703125,255.8000030517578,257.95001220703125,253.90298461914062,10930748,0.0,0.0
2025-12-19 00:00:00+05:30,258.04998779296875,263.95001220703125,257.95001220703125,263.45001220703125,259.3166809082031,16657897,0.0,0.0
2025-12-22 00:00:00+05:30,259.1000061035156,265.6000061035156,259.04998779296875,265.0,260.84234619140625,10054250,0.0,0.0
2025-12-23 00:00:00+05:30,265.0,269.29998779296875,264.3999938964844,267.0,262.81097412109375,10526826,0.0,0.0
2025-12-24 00:00:00+05:30,267.79998779296875,270.04998779296875,266.29998779296875,268.04998779296875,263.8445129394531,6131188,0.0,0.0
2025-12-26 00:00:00+05:30,268.0,269.29998779296875,264.8500061035156,265.45001220703125,261.2853088378906,6029003,0.0,0.0
2025-12-29 00:00:00+05:30,265.95001220703125,266.45001220703125,260.0,260.6000061035156,256.5113830566406,7270521,0.0,0.0
2025-12-30 00:00:00+05:30,260.0,261.45001220703125,258.95001220703125,260.3500061035156,256.26531982421875,10929200,0.0,0.0
2025-12-31 00:00:00+05:30,261.3999938964844,265.20001220703125,260.54998779296875,264.6000061035156,260.4486389160156,5145868,0.0,0.0
2026-01-01 00:00:00+05:30,264.1000061035156,267.54998779296875,264.1000061035156,266.79998779296875,262.6141052246094,4298196,0.0,0.0
2026-01-02 00:00:00+05:30,267.5,272.1000061035156,266.25,270.95001220703125,266.69903564453125,13348375,0.0,0.0
2026-01-05 00:00:00+05:30,271.25,272.79998779296875,268.70001220703125,271.6499938964844,267.38800048828125,11526602,0.0,0.0
2026-01-06 00:00:00+05:30,266.0,273.29998779296875,266.0,268.54998779296875,264.336669921875,11777253,0.0,0.0
2026-01-07 00:00:00+05:30,268.5,268.95001220703125,263.45001220703125,264.1000061035156,259.95648193359375,14877056,0.0,0.0
2026-01-08 00:00:00+05:30,264.0,265.29998779296875,257.95001220703125,259.29998779296875,255.23178100585938,11762204,0.0,0.0
2026-01-09 00:00:00+05:30,260.29998779296875,263.79998779296875,256.25,258.0,253.95217895507812,14100782,0.0,0.0
2026-01-12 00:00:00+05:30,258.0,259.5,254.3000030517578,258.54998779296875,254.49354553222656,9698555,0.0,0.0
2026-01-13 00:00:00+05:30,259.04998779296875,259.95001220703125,256.1000061035156,258.79998779296875,254.7396240234375,9734559,0.0,0.0
2026-01-14 00:00:00+05:30,257.1000061035156,259.70001220703125,256.75,258.3500061035156,254.29669189453125,15435341,0.0,0.0
2026-01-15 00:00:00+05:30,258.3500061035156,258.3500061035156,258.3500061035156,258.3500061035156,254.29669189453125,0,0.0,0.0
2026-01-16 00:00:00+05:30,258.29998779296875,261.54998779296875,256.20001220703125,257.29998779296875,253.26316833496094,9648251,0.0,0.0
2026-01-19 00:00:00+05:30,256.8999938964844,258.79998779296875,256.6499938964844,257.6499938964844,253.60768127441406,10588722,0.0,0.0
2026-01-20 00:00:00+05:30,257.6499938964844,257.8500061035156,253.39999389648438,254.0500030517578,250.0641632080078,12452441,0.0,0.0
2026-01-21 00:00:00+05:30,252.0500030517578,258.8500061035156,252.0500030517578,255.8000030517578,251.78671264648438,14263346,0.0,0.0
2026-01-22 00:00:00+05:30,256.6000061035156,259.8500061035156,255.4499969482422,259.25,255.18255615234375,15520530,0.0,0.0
2026-01-23 00:00:00+05:30,259.25,259.95001220703125,252.60000610351562,254.14999389648438,250.16258239746094,18022018,0.0,0.0
2026-01-27 00:00:00+05:30,256.5,258.3500061035156,252.0500030517578,254.35000610351562,250.35946655273438,17375059,0.0,0.0
2026-01-28 00:00:00+05:30,254.0,260.75,254.0,259.79998779296875,255.72393798828125,16046343,0.0,0.0
2026-01-29 00:00:00+05:30,262.6000061035156,263.04998779296875,258.75,260.5,256.4129638671875,26914029,0.0,0.0
2026-01-30 00:00:00+05:30,261.29998779296875,262.3999938964844,254.0500030517578,256.5,252.47572326660156,23292764,0.0,0.0
2026-02-02 00:00:00+05:30,251.25,271.20001220703125,250.0,270.3999938964844,266.15765380859375,37109237,0.0,0.0
2026-02-03 00:00:00+05:30,276.04998779296875,284.5,273.25,283.20001220703125,278.7568359375,52651170,0.0,0.0
2026-02-04 00:00:00+05:30,288.79998779296875,292.0,282.8999938964844,289.3999938964844,284.8595275878906,27775044,0.0,0.0
2026-02-05 00:00:00+05:30,291.0,291.0,286.1499938964844,289.3500061035156,284.8103332519531,9870342,0.0,0.0
2026-02-06 00:00:00+05:30,292.20001220703125,293.5,289.3999938964844,292.75,288.156982421875,19951107,0.0,0.0
2026-02-09 00:00:00+05:30,292.5,292.54998779296875,288.0,289.75,288.40582275390625,13114576,3.25,0.0
2026-02-10 00:00:00+05:30,290.0,295.29998779296875,286.5,294.3500061035156,292.9844970703125,21823214,0.0,0.0
2026-02-11 00:00:00+05:30,297.6499938964844,297.6499938964844,292.20001220703125,294.45001220703125,293.08404541015625,10508852,0.0,0.0
2026-02-12 00:00:00+05:30,294.45001220703125,296.0,291.75,293.8999938964844,292.53656005859375,10482579,0.0,0.0
2026-02-13 00:00:00+05:30,292.0,294.29998779296875,286.8500061035156,287.20001220703125,285.86767578125,10914157,0.0,0.0
2026-02-16 00:00:00+05:30,288.0,300.95001220703125,287.25,300.5,299.10595703125,22196951,0.0,0.0
2026-02-17 00:00:00+05:30,299.29998779296875,301.6000061035156,297.0,300.75,299.35479736328125,11190989,0.0,0.0
2026-02-18 00:00:00+05:30,299.45001220703125,302.25,298.45001220703125,300.54998779296875,299.15570068359375,9147320,0.0,0.0
2026-02-19 00:00:00+05:30,300.1000061035156,301.6000061035156,293.1000061035156,294.6499938964844,293.2830810546875,7552362,0.0,0.0
2026-02-20 00:00:00+05:30,295.54998779296875,302.04998779296875,294.25,298.95001220703125,297.56317138671875,11762183,0.0,0.0
2026-02-23 00:00:00+05:30,302.0,304.29998779296875,299.0,303.3500061035156,301.9427490234375,11774742,0.0,0.0
2026-02-24 00:00:00+05:30,304.0,306.20001220703125,300.79998779296875,304.79998779296875,303.385986328125,15863867,0.0,0.0
2026-02-25 00:00:00+05:30,307.0,311.70001220703125,305.1499938964844,307.25,305.82464599609375,14240500,0.0,0.0
2026-02-26 00:00:00+05:30,307.1000061035156,307.70001220703125,301.3999938964844,303.25,301.84320068359375,14249515,0.0,0.0
2026-02-27 00:00:00+05:30,305.79998779296875,305.79998779296875,297.8999938964844,298.6499938964844,297.2645263671875,21400679,0.0,0.0
2026-03-02 00:00:00+05:30,290.0,298.6000061035156,289.5,296.79998779296875,295.423095703125,15690227,0.0,0.0
2026-03-04 00:00:00+05:30,296.0,296.0,288.8999938964844,291.95001220703125,290.59564208984375,28191826,0.0,0.0
2026-03-05 00:00:00+05:30,292.0,300.1000061035156,291.8999938964844,299.45001220703125,298.06085205078125,19467441,0.0,0.0
2026-03-06 00:00:00+05:30,299.95001220703125,302.75,297.0,299.1499938964844,297.76220703125,15887540,0.0,0.0
2026-03-09 00:00:00+05:30,285.5,296.25,285.5,295.20001220703125,293.83056640625,21591866,0.0,0.0
2026-03-10 00:00:00+05:30,298.1499938964844,300.04998779296875,293.75,298.6499938964844,297.2645263671875,14627316,0.0,0.0
2026-03-11 00:00:00+05:30,298.6499938964844,302.8999938964844,298.04998779296875,298.79998779296875,297.413818359375,12618289,0.0,0.0
2026-03-12 00:00:00+05:30,295.79998779296875,304.8999938964844,295.1000061035156,303.6000061035156,302.19158935546875,15284297,0.0,0.0
2026-03-13 00:00:00+05:30,308.6499938964844,309.5,298.70001220703125,300.95001220703125,299.5538635253906,23615092,0.0,0.0
2026-03-16 00:00:00+05:30,300.95001220703125,303.0,291.3999938964844,297.75,296.36871337890625,25911819,0.0,0.0
2026-03-17 00:00:00+05:30,302.0,302.0,292.1499938964844,298.5,297.115234375,12300000,0.0,0.0
2026-03-18 00:00:00+05:30,299.54998779296875,304.20001220703125,297.54998779296875,299.3999938964844,298.01104736328125,8691698,0.0,0.0
2026-03-19 00:00:00+05:30,297.6499938964844,300.5,295.95001220703125,296.70001220703125,295.3236083984375,8594078,0.0,0.0
2026-03-20 00:00:00+05:30,300.1000061035156,305.0,296.6000061035156,297.6000061035156,296.21942138671875,28392470,0.0,0.0
2026-03-23 00:00:00+05:30,298.0,304.3500061035156,293.1000061035156,302.1000061035156,300.69854736328125,23771660,0.0,0.0
2026-03-24 00:00:00+05:30,309.0,309.0,292.3999938964844,299.0,297.6129150390625,24123621,0.0,0.0
2026-03-25 00:00:00+05:30,299.8999938964844,302.25,294.20001220703125,295.0,293.6314697265625,16423641,0.0,0.0
2026-03-27 00:00:00+05:30,294.45001220703125,297.29998779296875,290.29998779296875,295.5,294.129150390625,27444747,0.0,0.0
2026-03-30 00:00:00+05:30,292.04998779296875,297.8999938964844,292.0,296.1000061035156,294.72637939453125,23105779,0.0,0.0
2026-04-01 00:00:00+05:30,305.0,305.8999938964844,290.20001220703125,292.79998779296875,291.441650390625,18635698,0.0,0.0
2026-04-02 00:00:00+05:30,290.20001220703125,292.0,283.5,289.95001220703125,288.60491943359375,17222200,0.0,0.0
2026-04-06 00:00:00+05:30,294.8999938964844,295.6000061035156,287.29998779296875,295.1499938964844,293.78076171875,9291741,0.0,0.0
2026-04-07 00:00:00+05:30,292.5,296.25,291.0,295.3999938964844,294.02960205078125,9318575,0.0,0.0
2026-04-08 00:00:00+05:30,301.0,301.75,293.6000061035156,294.8500061035156,293.482177734375,10887876,0.0,0.0
2026-04-09 00:00:00+05:30,295.45001220703125,300.70001220703125,293.8500061035156,298.1000061035156,296.71710205078125,17644642,0.0,0.0
2026-04-10 00:00:00+05:30,301.1000061035156,303.5,299.75,302.75,301.34552001953125,13245074,0.0,0.0
2026-04-13 00:00:00+05:30,299.95001220703125,302.3500061035156,297.6499938964844,300.3500061035156,298.9566650390625,15681799,0.0,0.0
2026-04-15 00:00:00+05:30,303.3999938964844,313.3999938964844,301.25,312.45001220703125,311.0005187988281,21897202,0.0,0.0
2026-04-16 00:00:00+05:30,315.0,317.0,310.5,312.25,310.80145263671875,21510277,0.0,0.0
2026-04-17 00:00:00+05:30,313.29998779296875,318.95001220703125,311.3999938964844,318.1000061035156,316.6242980957031,13609827,0.0,0.0
2026-04-20 00:00:00+05:30,319.0,323.04998779296875,315.54998779296875,319.70001220703125,318.2168884277344,10955277,0.0,0.0
2026-04-21 00:00:00+05:30,318.95001220703125,322.0,318.0,319.3500061035156,317.8684997558594,8342335,0.0,0.0
2026-04-22 00:00:00+05:30,319.75,322.0,316.0,319.75,318.26666259765625,7112538,0.0,0.0
2026-04-23 00:00:00+05:30,320.0,321.8500061035156,318.04998779296875,319.1499938964844,317.66943359375,7294961,0.0,0.0
2026-04-24 00:00:00+05:30,316.0,317.8999938964844,314.5,316.3999938964844,314.93218994140625,9980241,0.0,0.0
2026-04-27 00:00:00+05:30,318.0,324.95001220703125,316.95001220703125,320.8999938964844,319.41131591796875,9334181,0.0,0.0
2026-04-28 00:00:00+05:30,322.79998779296875,322.79998779296875,317.6499938964844,319.0,317.5201416015625,9083528,0.0,0.0
2026-04-29 00:00:00+05:30,320.1000061035156,323.79998779296875,318.25,320.3500061035156,318.8638610839844,10372929,0.0,0.0
2026-04-30 00:00:00+05:30,319.6000061035156,321.25,315.95001220703125,318.3500061035156,316.8731384277344,9521058,0.0,0.0
2026-05-01 00:00:00+05:30,318.3500061035156,318.3500061035156,318.3500061035156,318.3500061035156,316.8731384277344,0,0.0,0.0
2026-05-04 00:00:00+05:30,314.0,323.8999938964844,314.0,319.04998779296875,317.56988525390625,7370269,0.0,0.0
2026-05-05 00:00:00+05:30,318.8999938964844,321.29998779296875,315.0,319.45001220703125,317.9680480957031,8569582,0.0,0.0
2026-05-06 00:00:00+05:30,320.04998779296875,321.5,314.6000061035156,315.95001220703125,314.4842834472656,4884118,0.0,0.0
2026-05-07 00:00:00+05:30,315.75,316.75,312.5,313.79998779296875,312.34423828125,9126203,0.0,0.0
2026-05-08 00:00:00+05:30,315.20001220703125,315.20001220703125,310.6000061035156,313.95001220703125,312.4935607910156,7929393,0.0,0.0
2026-05-11 00:00:00+05:30,313.95001220703125,314.04998779296875,309.95001220703125,310.8999938964844,309.45770263671875,8204425,0.0,0.0
2026-05-12 00:00:00+05:30,309.45001220703125,310.75,305.5,306.29998779296875,304.8790283203125,7952584,0.0,0.0
2026-05-13 00:00:00+05:30,304.25,305.3999938964844,295.6499938964844,301.5,300.101318359375,23775882,0.0,0.0
2026-05-14 00:00:00+05:30,306.0,307.54998779296875,300.6000061035156,301.75,300.35015869140625,14012601,0.0,0.0
2026-05-15 00:00:00+05:30,307.79998779296875,308.1499938964844,302.8999938964844,305.8500061035156,304.43115234375,10092811,0.0,0.0
2026-05-18 00:00:00+05:30,296.29998779296875,298.45001220703125,290.20001220703125,296.54998779296875,295.17425537109375,16036198,0.0,0.0
2026-05-19 00:00:00+05:30,296.6000061035156,300.0,294.54998779296875,298.6000061035156,297.21478271484375,12580156,0.0,0.0
2026-05-20 00:00:00+05:30,297.5,300.79998779296875,294.54998779296875,299.8999938964844,298.50872802734375,5672695,0.0,0.0
2026-05-21 00:00:00+05:30,302.3999938964844,304.5,298.70001220703125,299.54998779296875,298.16033935546875,10353164,0.0,0.0
2026-05-22 00:00:00+05:30,298.70001220703125,300.54998779296875,293.54998779296875,294.29998779296875,292.9346923828125,15105294,0.0,0.0
2026-05-25 00:00:00+05:30,298.5,298.5,294.1499938964844,295.3500061035156,293.9798583984375,5896815,0.0,0.0
2026-05-26 00:00:00+05:30,295.0,295.95001220703125,292.04998779296875,292.54998779296875,291.19281005859375,5625947,0.0,0.0
2026-05-27 00:00:00+05:30,292.0,301.25,292.0,300.1499938964844,298.757568359375,9883025,0.0,0.0
2026-05-28 00:00:00+05:30,300.1499938964844,300.1499938964844,300.1499938964844,300.1499938964844,298.757568359375,0,0.0,0.0
2026-05-29 00:00:00+05:30,303.0,303.0,285.45001220703125,290.54998779296875,289.20208740234375,77407363,0.0,0.0
2026-06-01 00:00:00+05:30,291.0,292.3500061035156,284.70001220703125,286.1499938964844,284.822509765625,17628347,0.0,0.0
2026-06-02 00:00:00+05:30,281.75,285.25,278.3999938964844,282.1499938964844,280.841064453125,15198142,0.0,0.0
2026-06-03 00:00:00+05:30,282.0,286.0,280.3500061035156,285.04998779296875,283.7276306152344,13002063,0.0,0.0
2026-06-04 00:00:00+05:30,280.0,286.04998779296875,280.0,284.6000061035156,283.27972412109375,16292818,0.0,0.0
2026-06-05 00:00:00+05:30,284.0,286.54998779296875,283.0,285.6499938964844,284.3248291015625,6955072,0.0,0.0
2026-06-08 00:00:00+05:30,283.0,292.1000061035156,282.6000061035156,290.29998779296875,288.9532470703125,8748933,0.0,0.0
2026-06-09 00:00:00+05:30,292.8999938964844,293.04998779296875,284.75,285.70001220703125,284.3746337890625,7973130,0.0,0.0
2026-06-10 00:00:00+05:30,285.0,289.5,284.04998779296875,287.20001220703125,285.86767578125,8330040,0.0,0.0
2026-06-11 00:00:00+05:30,289.25,290.45001220703125,286.0,286.6499938964844,285.3201904296875,12064071,0.0,0.0
2026-06-12 00:00:00+05:30,288.8999938964844,288.8999938964844,282.70001220703125,284.79998779296875,283.4787902832031,5478294,0.0,0.0
2026-06-15 00:00:00+05:30,290.0,290.0,284.04998779296875,285.70001220703125,284.3746337890625,9319070,0.0,0.0
2026-06-16 00:00:00+05:30,286.1000061035156,286.3999938964844,282.8500061035156,285.1499938964844,283.8271484375,8146761,0.0,0.0
2026-06-17 00:00:00+05:30,286.20001220703125,286.6499938964844,283.25,286.3500061035156,285.0216064453125,6008101,0.0,0.0
2026-06-18 00:00:00+05:30,286.3500061035156,289.45001220703125,283.29998779296875,288.70001220703125,287.3607177734375,8381654,0.0,0.0
2026-06-19 00:00:00+05:30,288.95001220703125,292.8999938964844,287.6499938964844,292.25,290.89422607421875,10295261,0.0,0.0
2026-06-22 00:00:00+05:30,289.0,292.8500061035156,288.79998779296875,289.75,288.40582275390625,11678414,0.0,0.0
2026-06-23 00:00:00+05:30,290.45001220703125,293.04998779296875,289.6000061035156,291.95001220703125,290.59564208984375,12328516,0.0,0.0
2026-06-24 00:00:00+05:30,293.0,295.25,288.75,290.8999938964844,289.55047607421875,10221176,0.0,0.0
2026-06-25 00:00:00+05:30,290.70001220703125,291.5,283.04998779296875,283.8999938964844,282.58294677734375,16305770,0.0,0.0
2026-06-26 00:00:00+05:30,283.8999938964844,283.8999938964844,283.8999938964844,283.8999938964844,282.58294677734375,0,0.0,0.0
2026-06-29 00:00:00+05:30,287.0,287.6499938964844,283.5,286.25,284.92205810546875,16957025,0.0,0.0
2026-06-30 00:00:00+05:30,287.20001220703125,288.8999938964844,284.45001220703125,286.29998779296875,284.9718017578125,11985195,0.0,0.0
2026-07-01 00:00:00+05:30,287.79998779296875,288.3500061035156,285.6499938964844,287.54998779296875,286.21600341796875,8147424,0.0,0.0
2026-07-02 00:00:00+05:30,287.54998779296875,289.3999938964844,284.20001220703125,288.20001220703125,286.863037109375,6456861,0.0,0.0
2026-07-03 00:00:00+05:30,288.5,292.0,287.1000061035156,287.8500061035156,286.5146484375,10260404,0.0,0.0
2026-07-06 00:00:00+05:30,287.20001220703125,287.95001220703125,284.70001220703125,285.3999938964844,284.07598876953125,7799856,0.0,0.0
2026-07-07 00:00:00+05:30,285.3500061035156,287.3500061035156,283.3500061035156,284.3500061035156,283.0308837890625,7251465,0.0,0.0
2026-07-08 00:00:00+05:30,282.8999938964844,285.3999938964844,279.20001220703125,279.70001220703125,278.4024658203125,7306244,0.0,0.0
2026-07-09 00:00:00+05:30,280.0,283.95001220703125,280.0,281.3500061035156,280.0447998046875,6800579,0.0,0.0
2026-07-10 00:00:00+05:30,283.1000061035156,283.79998779296875,281.3500061035156,283.1000061035156,281.78668212890625,6812700,0.0,0.0
2026-07-13 00:00:00+05:30,282.79998779296875,286.45001220703125,281.6499938964844,286.0,284.6732177734375,8083023,0.0,0.0
2026-07-14 00:00:00+05:30,282.3500061035156,286.95001220703125,282.29998779296875,286.1499938964844,284.822509765625,7596298,0.0,0.0
2026-07-15 00:00:00+05:30,285.8999938964844,286.79998779296875,278.8999938964844,280.70001220703125,279.3978271484375,9907688,0.0,0.0
2026-07-16 00:00:00+05:30,280.3999938964844,284.3999938964844,280.0,280.75,279.44757080078125,7143529,0.0,0.0
2026-07-17 00:00:00+05:30,280.75,284.3500061035156,279.6499938964844,283.54998779296875,282.2345886230469,10985155,0.0,0.0
2026-07-20 00:00:00+05:30,284.70001220703125,289.54998779296875,283.3500061035156,288.70001220703125,287.3607177734375,11380170,0.0,0.0
2026-07-21 00:00:00+05:30,289.0,290.3999938964844,284.45001220703125,286.70001220703125,285.3699951171875,7517060,0.0,0.0
2026-07-22 00:00:00+05:30,285.6499938964844,289.75,284.3999938964844,289.29998779296875,287.9578857421875,4595987,0.0,0.0
2026-07-23 00:00:00+05:30,287.29998779296875,290.95001220703125,287.0,289.79998779296875,288.45556640625,7407258,0.0,0.0
2026-07-24 00:00:00+05:30,286.5,290.04998779296875,286.3999938964844,288.20001220703125,286.863037109375,8474555,0.0,0.0
2026-07-27 00:00:00+05:30,288.29998779296875,290.54998779296875,286.54998779296875,288.8500061035156,287.510009765625,12143388,0.0,0.0
2026-07-28 00:00:00+05:30,287.29998779296875,288.0,283.1000061035156,285.29998779296875,283.9764709472656,7118852,0.0,0.0
2026-07-29 00:00:00+05:30,284.0,284.75,281.04998779296875,282.8500061035156,281.537841796875,12375693,0.0,0.0
2026-07-30 00:00:00+05:30,283.3999938964844,287.1000061035156,283.0,285.70001220703125,284.3746337890625,7903593,0.0,0.0
2026-07-31 00:00:00+05:30,286.29998779296875,287.3999938964844,283.0,284.25,282.93133544921875,7804310,0.0,0.0
2026-08-03 00:00:00+05:30,285.0,287.0,283.8999938964844,287.0,285.6685791015625,8749092,0.0,0.0
2026-08-04 00:00:00+05:30,294.1000061035156,294.1000061035156,281.70001220703125,283.3999938964844,282.08526611328125,7656558,0.0,0.0
2026-08-05 00:00:00+05:30,284.0,285.20001220703125,281.25,281.75,280.44293212890625,7544704,0.0,0.0
2026-08-06 00:00:00+05:30,279.75,281.0,269.6499938964844,270.75,269.49395751953125,18258733,0.0,0.0
2026-08-07 00:00:00+05:30,268.6499938964844,272.8500061035156,268.3500061035156,271.6000061035156,270.34002685546875,7795199,0.0,0.0
2026-08-10 00:00:00+05:30,271.5,271.6000061035156,268.79998779296875,270.1000061035156,268.84698486328125,8329347,0.0,0.0
2026-08-11 00:00:00+05:30,270.0,270.79998779296875,266.6499938964844,267.95001220703125,266.70697021484375,7553241,0.0,0.0
2026-08-12 00:00:00+05:30,267.95001220703125,270.0,266.29998779296875,269.45001220703125,268.20001220703125,6699919,0.0,0.0
2026-08-13 00:00:00+05:30,269.0,269.0,266.04998779296875,266.6000061035156,266.6000061035156,9715149,1.25,0.0
2026-08-14 00:00:00+05:30,267.0,268.20001220703125,265.75,266.04998779296875,266.04998779296875,6758273,0.0,0.0
2026-08-17 00:00:00+05:30,266.04998779296875,268.0,265.25,266.1499938964844,266.1499938964844,6631423,0.0,0.0
2026-08-18 00:00:00+05:30,266.20001220703125,268.95001220703125,266.04998779296875,268.0,268.0,6792173,0.0,0.0
2026-08-19 00:00:00+05:30,267.04998779296875,267.5,262.04998779296875,263.5,263.5,9674185,0.0,0.0
2026-08-20 00:00:00+05:30,264.0,267.1000061035156,262.79998779296875,264.79998779296875,264.79998779296875,7029993,0.0,0.0
2026-08-21 00:00:00+05:30,264.6000061035156,275.95001220703125,264.20001220703125,272.3999938964844,272.3999938964844,18031357,0.0,0.0
2026-08-24 00:00:00+05:30,274.0,274.3500061035156,268.29998779296875,271.3999938964844,271.3999938964844,7643689,0.0,0.0
2026-08-25 00:00:00+05:30,271.3999938964844,271.70001220703125,268.3500061035156,271.0,271.0,5435918,0.0,0.0
2026-08-26 00:00:00+05:30,270.1000061035156,271.1499938964844,265.20001220703125,265.20001220703125,265.20001220703125,5303523,0.0,0.0
2026-08-27 00:00:00+05:30,264.79998779296875,266.29998779296875,262.29998779296875,264.8999938964844,264.8999938964844,7118715,0.0,0.0
2026-08-28 00:00:00+05:30,266.04998779296875,267.3500061035156,265.04998779296875,266.04998779296875,266.04998779296875,5112511,0.0,0.0
2026-08-31 00:00:00+05:30,266.04998779296875,266.04998779296875,263.1499938964844,263.54998779296875,263.54998779296875,11553385,0.0,0.0
2026-09-01 00:00:00+05:30,263.29998779296875,264.54998779296875,261.70001220703125,264.54998779296875,264.54998779296875,8499123,0.0,0.0
2026-09-02 00:00:00+05:30,264.0,268.3500061035156,262.3999938964844,266.79998779296875,266.79998779296875,9068868,0.0,0.0
2026-09-03 00:00:00+05:30,269.8999938964844,270.75,265.6000061035156,265.6000061035156,265.6000061035156,9826724,0.0,0.0
2026-09-04 00:00:00+05:30,266.8999938964844,267.5,265.04998779296875,266.0,266.0,7967122,0.0,0.0
2026-09-07 00:00:00+05:30,266.0,268.79998779296875,264.25,266.45001220703125,266.45001220703125,7015606,0.0,0.0
2026-09-08 00:00:00+05:30,265.6499938964844,267.25,263.0,265.75,265.75,7385483,0.0,0.0
2026-09-09 00:00:00+05:30,265.0,269.25,264.5,265.8500061035156,265.8500061035156,11738891,0.0,0.0
2026-09-10 00:00:00+05:30,265.8500061035156,271.75,265.29998779296875,271.75,271.75,12187656,0.0,0.0
2026-09-11 00:00:00+05:30,269.95001220703125,274.04998779296875,268.3500061035156,269.1000061035156,269.1000061035156,11423068,0.0,0.0
2026-09-14 00:00:00+05:30,269.1000061035156,269.1000061035156,269.1000061035156,269.1000061035156,269.1000061035156,0,0.0,0.0
2026-09-15 00:00:00+05:30,267.1499938964844,268.5,262.79998779296875,262.79998779296875,262.79998779296875,10519594,0.0,0.0
2026-09-16 00:00:00+05:30,264.1000061035156,266.3500061035156,262.79998779296875,262.79998779296875,262.79998779296875,7132902,0.0,0.0
2026-09-17 00:00:00+05:30,263.5,265.70001220703125,263.25,263.75,263.75,6533662,0.0,0.0
2026-09-18 00:00:00+05:30,264.6000061035156,270.29998779296875,263.3999938964844,270.29998779296875,270.29998779296875,17896733,0.0,0.0
2026-09-21 00:00:00+05:30,267.75,269.04998779296875,266.1000061035156,266.1000061035156,266.1000061035156,6934502,0.0,0.0
2026-09-22 00:00:00+05:30,267.0,268.29998779296875,265.95001220703125,265.95001220703125,265.95001220703125,7314792,0.0,0.0
2026-09-23 00:00:00+05:30,265.95001220703125,270.8500061035156,265.95001220703125,270.20001220703125,270.20001220703125,6114433,0.0,0.0
2026-09-24 00:00:00+05:30,270.3999938964844,270.8999938964844,265.75,266.3999938964844,266.3999938964844,8968993,0.0,0.0
2026-09-25 00:00:00+05:30,268.70001220703125,269.75,266.8999938964844,269.5,269.5,6241140,0.0,0.0
2026-09-28 00:00:00+05:30,269.8999938964844,269.8999938964844,261.8500061035156,261.8500061035156,261.8500061035156,10278456,0.0,0.0
2026-09-29 00:00:00+05:30,262.29998779296875,269.20001220703125,259.54998779296875,261.5,261.5,25174350,0.0,0.0
2026-09-30 00:00:00+05:30,261.5,262.0,258.1000061035156,260.5,260.5,9769840,0.0,0.0
2026-10-01 00:00:00+05:30,258.20001220703125,259.0,252.35000610351562,254.5500030517578,254.5500030517578,10976701,0.0,0.0
